Datetime,Water Level (m)
2026-02-02 18:00:00,-0.22350694
2026-02-02 19:00:00,-0.17854825
2026-02-02 20:00:00,-0.11857854
2026-02-02 21:00:00,-0.022169687
2026-02-02 22:00:00,0.060915187
2026-02-02 23:00:00,0.080976956
2026-02-03 00:00:00,0.071214974
2026-02-03 01:00:00,0.033644173
2026-02-03 02:00:00,-0.009433422
2026-02-03 03:00:00,-0.05306096
2026-02-03 04:00:00,-0.10120851
2026-02-03 05:00:00,-0.14944184
2026-02-03 06:00:00,-0.19133495
2026-02-03 07:00:00,-0.19056782
2026-02-03 08:00:00,-0.141524
2026-02-03 09:00:00,-0.08666508
2026-02-03 10:00:00,-0.03505241
2026-02-03 11:00:00,-0.0026359914
2026-02-03 12:00:00,-0.010681393
2026-02-03 13:00:00,-0.04962685
2026-02-03 14:00:00,-0.08786281
2026-02-03 15:00:00,-0.12891227
2026-02-03 16:00:00,-0.1725842
2026-02-03 17:00:00,-0.21901385
2026-02-03 18:00:00,-0.25598705
2026-02-03 19:00:00,-0.24593942
2026-02-03 20:00:00,-0.18854868
2026-02-03 21:00:00,-0.10542705
2026-02-03 22:00:00,0.0075149676
2026-02-03 23:00:00,0.063868634
2026-02-04 00:00:00,0.06093173
2026-02-04 01:00:00,0.03471383
2026-02-04 02:00:00,-0.007665311
2026-02-04 03:00:00,-0.049702898
2026-02-04 04:00:00,-0.09470686
2026-02-04 05:00:00,-0.14174476
2026-02-04 06:00:00,-0.18922046
2026-02-04 07:00:00,-0.21632104
2026-02-04 08:00:00,-0.18960568
2026-02-04 09:00:00,-0.13588613
2026-02-04 10:00:00,-0.07983221
2026-02-04 11:00:00,-0.030801944
2026-02-04 12:00:00,-0.00864288
2026-02-04 13:00:00,-0.029481279
2026-02-04 14:00:00,-0.06779625
2026-02-04 15:00:00,-0.1051458
2026-02-04 16:00:00,-0.14606726
2026-02-04 17:00:00,-0.19051054
2026-02-04 18:00:00,-0.23463659
2026-02-04 19:00:00,-0.25648102
2026-02-04 20:00:00,-0.22045676
2026-02-04 21:00:00,-0.15924652
2026-02-04 22:00:00,-0.067102455
2026-02-04 23:00:00,0.024536435
2026-02-05 00:00:00,0.041861594
2026-02-05 01:00:00,0.03098991
2026-02-05 02:00:00,-0.0044660293
2026-02-05 03:00:00,-0.045462072
2026-02-05 04:00:00,-0.08799218
2026-02-05 05:00:00,-0.1338205
2026-02-05 06:00:00,-0.18192378
2026-02-05 07:00:00,-0.22389963
2026-02-05 08:00:00,-0.22860116
2026-02-05 09:00:00,-0.18497947
2026-02-05 10:00:00,-0.13162652
2026-02-05 11:00:00,-0.07794228
2026-02-05 12:00:00,-0.03828679
2026-02-05 13:00:00,-0.03264645
2026-02-05 14:00:00,-0.06456208
2026-02-05 15:00:00,-0.10061679
2026-02-05 16:00:00,-0.13841887
2026-02-05 17:00:00,-0.17876625
2026-02-05 18:00:00,-0.22244003
2026-02-05 19:00:00,-0.2592108
2026-02-05 20:00:00,-0.2556927
2026-02-05 21:00:00,-0.20535763
2026-02-05 22:00:00,-0.14675763
2026-02-05 23:00:00,-0.054056697
2026-02-06 00:00:00,-0.010928283
2026-02-06 01:00:00,-0.002375401
2026-02-06 02:00:00,-0.028327813
2026-02-06 03:00:00,-0.067027755
2026-02-06 04:00:00,-0.106674
2026-02-06 05:00:00,-0.1493598
2026-02-06 06:00:00,-0.19506001
2026-02-06 07:00:00,-0.24075368
2026-02-06 08:00:00,-0.26597518
2026-02-06 09:00:00,-0.24203466
2026-02-06 10:00:00,-0.1923709
2026-02-06 11:00:00,-0.14167002
2026-02-06 12:00:00,-0.09354287
2026-02-06 13:00:00,-0.06678191
2026-02-06 14:00:00,-0.07856139
2026-02-06 15:00:00,-0.11147323
2026-02-06 16:00:00,-0.14591372
2026-02-06 17:00:00,-0.18264954
2026-02-06 18:00:00,-0.22360717
2026-02-06 19:00:00,-0.26286665
2026-02-06 20:00:00,-0.28137603
2026-02-06 21:00:00,-0.24975751
2026-02-06 22:00:00,-0.19702959
2026-02-06 23:00:00,-0.14238511
2026-02-07 00:00:00,-0.088173956
2026-02-07 01:00:00,-0.056851078
2026-02-07 02:00:00,-0.066294424
2026-02-07 03:00:00,-0.10147182
2026-02-07 04:00:00,-0.13762721
2026-02-07 05:00:00,-0.17573984
2026-02-07 06:00:00,-0.21848562
2026-02-07 07:00:00,-0.2622797
2026-02-07 08:00:00,-0.29595378
2026-02-07 09:00:00,-0.29199037
2026-02-07 10:00:00,-0.2523247
2026-02-07 11:00:00,-0.20464525
2026-02-07 12:00:00,-0.15637352
2026-02-07 13:00:00,-0.115772754
2026-02-07 14:00:00,-0.10254227
2026-02-07 15:00:00,-0.12377319
2026-02-07 16:00:00,-0.15619156
2026-02-07 17:00:00,-0.18918018
2026-02-07 18:00:00,-0.22523002
2026-02-07 19:00:00,-0.2627802
2026-02-07 20:00:00,-0.29071707
2026-02-07 21:00:00,-0.28098795
2026-02-07 22:00:00,-0.23838349
2026-02-07 23:00:00,-0.19198272
2026-02-08 00:00:00,-0.14514543
2026-02-08 01:00:00,-0.10745734
2026-02-08 02:00:00,-0.10178791
2026-02-08 03:00:00,-0.1289739
2026-02-08 04:00:00,-0.16257606
2026-02-08 05:00:00,-0.19688398
2026-02-08 06:00:00,-0.23618229
2026-02-08 07:00:00,-0.277521
2026-02-08 08:00:00,-0.3147617
2026-02-08 09:00:00,-0.328827
2026-02-08 10:00:00,-0.3045399
2026-02-08 11:00:00,-0.26416647
2026-02-08 12:00:00,-0.22015575
2026-02-08 13:00:00,-0.17777875
2026-02-08 14:00:00,-0.15011011
2026-02-08 15:00:00,-0.15049772
2026-02-08 16:00:00,-0.17585294
2026-02-08 17:00:00,-0.20479399
2026-02-08 18:00:00,-0.23474048
